{"gridWidth": 36, "gridHeight": 18, "values": [0.031741634011268616, 0.03127645328640938, 0.03081127069890499, 0.030346088111400604, 0.02952481433749199, 0.02858484536409378, 0.027644876390695572, 0.026704907417297363, 0.025879234075546265, 0.025053558871150017, 0.024227885529398918, 0.0234480332583189, 0.02280564419925213, 0.022163257002830505, 0.021520869806408882, 0.020934438332915306, 0.020403964444994926, 0.019873490557074547, 0.019343014806509018, 0.01882341504096985, 0.018307438120245934, 0.01779146119952202, 0.017275484278798103, 0.01733221486210823, 0.01738894358277321, 0.017445674166083336, 0.01751243695616722, 0.017609301954507828, 0.017706165090203285, 0.017803028225898743, 0.017908306792378426, 0.018022000789642334, 0.018135692924261093, 0.018249386921525, 0.018350351601839066, 0.01844707503914833, 0.09522490203380585, 0.09382935613393784, 0.09243381023406982, 0.09103826433420181, 0.08857444673776627, 0.08575453609228134, 0.08293463289737701, 0.08011472225189209, 0.0776377022266388, 0.0751606747508049, 0.0726836547255516, 0.07034409791231155, 0.06841693818569183, 0.06648977100849152, 0.0645626112818718, 0.06280332058668137, 0.06121189519762993, 0.05962046980857849, 0.058029044419527054, 0.05647024139761925, 0.05492231249809265, 0.053374383598566055, 0.05182645097374916, 0.05199664086103439, 0.052166830748319626, 0.05233702436089516, 0.05253731459379196, 0.052827902138233185, 0.053118493407964706, 0.05340908467769623, 0.05372491851449013, 0.054066002368927, 0.05440708249807358, 0.054748162627220154, 0.055051058530807495, 0.05534122511744499, 0.15870817005634308, 0.1563822627067566, 0.1540563553571701, 0.15173043310642242, 0.14762407541275024, 0.1429242342710495, 0.13822437822818756, 0.13352453708648682, 0.12939617037773132, 0.12526778876781464, 0.12113942205905914, 0.11724016070365906, 0.11402822285890579, 0.11081628501415253, 0.10760434716939926, 0.10467219352722168, 0.10201982408761978, 0.09936744719743729, 0.09671507775783539, 0.09411706775426865, 0.09153718501329422, 0.0889573022723198, 0.08637741953134537, 0.08666107058525085, 0.08694472163915634, 0.08722837269306183, 0.0875621885061264, 0.08804650604724884, 0.08853082358837128, 0.08901514112949371, 0.08954153209924698, 0.09011000394821167, 0.09067846834659576, 0.09124693274497986, 0.09175176173448563, 0.09223537147045135, 0.19701682031154633, 0.19000595808029175, 0.18299511075019836, 0.1759842485189438, 0.16901922225952148, 0.16206946969032288, 0.15511971712112427, 0.14816996455192566, 0.14487241208553314, 0.14157487452030182, 0.1382773220539093, 0.13476838171482086, 0.13062520325183868, 0.1264820247888565, 0.12233884632587433, 0.11875408887863159, 0.11572775989770889, 0.1127014234662056, 0.1096750870347023, 0.1072678416967392, 0.10506696254014969, 0.10286607593297958, 0.10066518932580948, 0.10030211508274078, 0.09993903338909149, 0.0995759591460228, 0.09934322535991669, 0.09950155764818192, 0.09965988993644714, 0.09981822222471237, 0.10019697993993759, 0.100796177983284, 0.1013953760266304, 0.1019945740699768, 0.1019018366932869, 0.10157845169305801, 0.23532547056674957, 0.2236296683549881, 0.21193386614322662, 0.20023806393146515, 0.19041436910629272, 0.18121470510959625, 0.17201504111289978, 0.1628153771162033, 0.16034866869449615, 0.1578819453716278, 0.15541523694992065, 0.15229658782482147, 0.14722217619419098, 0.14214776456356049, 0.1370733380317688, 0.1328359842300415, 0.1294356882572174, 0.1260353922843933, 0.12263510376214981, 0.12041861563920975, 0.11859673261642456, 0.11677484959363937, 0.11495296657085419, 0.11394315958023071, 0.11293334513902664, 0.11192353814840317, 0.11112426966428757, 0.11095660924911499, 0.11078895628452301, 0.11062129586935043, 0.1108524352312088, 0.11148235946893692, 0.11211228370666504, 0.11274221539497375, 0.11205191165208817, 0.11092153936624527, 0.2250162661075592, 0.21396911144256592, 0.20292194187641144, 0.19187478721141815, 0.18381769955158234, 0.17675729095935822, 0.1696968823671341, 0.16263647377490997, 0.1608477383852005, 0.15905901789665222, 0.15727028250694275, 0.15486463904380798, 0.15060827136039734, 0.1463518887758255, 0.14209550619125366, 0.13888590037822723, 0.13672305643558502, 0.134560227394104, 0.1323973834514618, 0.13138554990291595, 0.1307573914527893, 0.13012921810150146, 0.12950105965137482, 0.12923210859298706, 0.1289631575345993, 0.12869420647621155, 0.128656268119812, 0.12931141257286072, 0.12996655702590942, 0.13062170147895813, 0.13075363636016846, 0.1303623765707016, 0.12997111678123474, 0.1295798420906067, 0.12816296517848969, 0.12640421092510223, 0.16608919203281403, 0.161024272441864, 0.155959352850914, 0.150894433259964, 0.14922919869422913, 0.14869721233844757, 0.14816521108150482, 0.14763322472572327, 0.14636963605880737, 0.14510606229305267, 0.14384247362613678, 0.1424725353717804, 0.14078347384929657, 0.13909441232681274, 0.13740535080432892, 0.13690383732318878, 0.13758987188339233, 0.1382759064435959, 0.13896192610263824, 0.14016863703727722, 0.14154891669750214, 0.14292918145656586, 0.14430946111679077, 0.14616894721984863, 0.1480284482240677, 0.14988793432712555, 0.1519392430782318, 0.1545659601688385, 0.1571926772594452, 0.15981940925121307, 0.15990059077739716, 0.15743622183799744, 0.15497185289859772, 0.152507483959198, 0.15023501217365265, 0.1480264961719513, 0.10716214030981064, 0.1080794483423233, 0.10899675637483597, 0.10991406440734863, 0.11464071273803711, 0.12063713371753693, 0.12663355469703674, 0.13262997567653656, 0.13189154863357544, 0.13115310668945312, 0.130414679646492, 0.1300804167985916, 0.1309586763381958, 0.1318369358778, 0.13271519541740417, 0.13492177426815033, 0.13845667243003845, 0.14199157059192657, 0.1455264687538147, 0.1489517241716385, 0.15234044194221497, 0.15572914481163025, 0.15911786258220673, 0.1631058007478714, 0.16709373891353607, 0.17108167707920074, 0.17522220313549042, 0.17982050776481628, 0.18441881239414215, 0.18901711702346802, 0.18904754519462585, 0.18451006710529327, 0.1799725890159607, 0.1754351109266281, 0.17230704426765442, 0.16964878141880035, 0.07844041287899017, 0.08109473437070847, 0.08374905586242676, 0.08640338480472565, 0.0897904559969902, 0.09342177212238312, 0.09705309569835663, 0.10068441927433014, 0.10131993144750595, 0.10195544362068176, 0.10259095579385757, 0.10382542759180069, 0.10685679316520691, 0.10988815873861313, 0.11291951686143875, 0.11686961352825165, 0.12173844128847122, 0.1266072690486908, 0.13147608935832977, 0.13625508546829224, 0.14100413024425507, 0.1457531899213791, 0.15050223469734192, 0.1533568948507309, 0.15621154010295868, 0.15906618535518646, 0.16168197989463806, 0.16358119249343872, 0.16548040509223938, 0.16737963259220123, 0.1661405861377716, 0.1617632955312729, 0.15738600492477417, 0.15300871431827545, 0.14899326860904694, 0.14509843289852142, 0.04971868172287941, 0.05411002039909363, 0.058501359075307846, 0.06289269775152206, 0.0649401992559433, 0.0662064179778099, 0.06747263669967651, 0.06873885542154312, 0.07074831426143646, 0.0727577731013298, 0.07476723194122314, 0.07757044583559036, 0.08275490999221802, 0.08793937414884567, 0.09312383830547333, 0.09881744533777237, 0.1050202026963234, 0.11122296005487442, 0.11742570996284485, 0.12355844676494598, 0.12966783344745636, 0.13577722012996674, 0.1418866068124771, 0.1436079740524292, 0.1453293412923813, 0.14705070853233337, 0.1481417566537857, 0.14734187722206116, 0.1465419977903366, 0.14574213325977325, 0.14323364198207855, 0.1390165239572525, 0.13479942083358765, 0.1305823177099228, 0.12567947804927826, 0.1205480769276619, 0.040041472762823105, 0.043766412883996964, 0.04749135673046112, 0.05121629685163498, 0.051809173077344894, 0.05135802552103996, 0.05090687796473503, 0.0504557341337204, 0.051698241382837296, 0.05294074863195419, 0.05418325588107109, 0.05660410225391388, 0.06255996972322464, 0.0685158371925354, 0.07447170466184616, 0.08088751882314682, 0.08776327222585678, 0.09463901817798615, 0.1015147715806961, 0.10775099694728851, 0.11377403885126114, 